# POINT_X,POINT_Y,Min_temp_Jul_F,Max_temp_jul_F,Rainfall_jul_inch
461196.8188,1198890.052,47.77,58.53,0.76
436196.8188,1191890.052,47.93,58.60,0.83
445196.8188,1168890.052,47.93,58.30,0.74
450196.8188,1144890.052,48.97,56.91,0.66
329196.8188,1034890.052,49.26,59.86,0.78
359196.8188,1017890.052,49.39,58.95,0.70
338196.8188,1011890.052,49.28,58.73,0.74
321196.8188,981890.0521,48.20,61.41,0.72
296196.8188,974890.0521,48.07,61.27,0.78
299196.8188,972890.0521,48.07,61.41,0.78
324196.8188,972890.0521,48.20,-9999.00,0.72
274196.8188,968890.0521,47.86,60.94,0.83
275196.8188,968890.0521,47.86,61.27,0.83
248196.8188,961890.0521,46.22,58.98,1.43
252196.8188,961890.0521,46.22,60.94,1.43
152196.8188,960890.0521,48.81,-9999.00,1.08
148196.8188,959890.0521,48.81,59.43,1.08
325196.8188,957890.0521,48.20,61.36,0.72
326196.8188,957890.0521,47.44,61.36,0.80
328196.8188,957890.0521,47.44,-9999.00,0.80
227196.8188,955890.0521,48.27,59.43,1.44
228196.8188,955890.0521,48.27,58.98,1.44
126196.8188,953890.0521,49.24,59.40,1.14
128196.8188,953890.0521,49.24,59.43,1.14
304196.8188,951890.0521,48.07,60.87,0.78
305196.8188,951890.0521,46.31,61.36,0.84
301196.8188,950890.0521,46.31,60.87,0.84
278196.8188,944890.0521,47.86,61.09,0.83
279196.8188,944890.0521,46.51,61.09,0.86
281196.8188,944890.0521,46.51,60.87,0.86
256196.8188,938890.0521,46.22,60.64,1.43
257196.8188,938890.0521,46.60,60.64,1.09
258196.8188,938890.0521,46.60,61.09,1.09
234196.8188,932890.0521,48.27,59.07,1.44
235196.8188,932890.0521,47.14,60.64,1.67
232196.8188,931890.0521,47.14,59.07,1.67
134196.8188,930890.0521,49.24,59.70,1.14
135196.8188,930890.0521,48.81,-9999.00,1.55
131196.8188,929890.0521,48.81,59.70,1.55
309196.8188,927890.0521,46.31,61.20,0.84
310196.8188,927890.0521,47.62,61.20,0.78
311196.8188,927890.0521,47.62,-9999.00,0.78
210196.8188,925890.0521,50.43,59.77,1.14
211196.8188,925890.0521,50.43,59.07,1.14
109196.8188,923890.0521,49.17,58.15,1.76
112196.8188,923890.0521,49.17,59.70,1.76
286196.8188,921890.0521,46.51,62.26,0.86
287196.8188,921890.0521,46.51,61.20,0.86
288196.8188,921890.0521,47.53,61.20,0.75
284196.8188,920890.0521,47.53,62.26,0.75
264196.8188,915890.0521,46.60,62.26,1.09
260196.8188,914890.0521,46.60,62.76,1.09
262196.8188,914890.0521,47.25,62.76,0.83
264196.8188,914890.0521,47.25,62.26,0.83
238196.8188,908890.0521,47.14,59.88,1.67
240196.8188,908890.0521,46.62,62.76,1.26
237196.8188,907890.0521,46.62,59.88,1.26
216196.8188,902890.0521,50.43,59.05,1.14
217196.8188,902890.0521,50.43,59.88,1.14
218196.8188,902890.0521,48.27,59.88,1.26
215196.8188,901890.0521,48.27,59.05,1.26
116196.8188,900890.0521,49.17,57.43,1.76
117196.8188,900890.0521,49.17,-9999.00,1.76
118196.8188,900890.0521,49.75,-9999.00,1.40
114196.8188,899890.0521,49.75,57.43,1.40
291196.8188,897890.0521,47.53,-9999.00,0.75
193196.8188,895890.0521,50.11,59.05,1.36
189196.8188,894890.0521,50.11,59.85,1.36
92196.81884,893890.0521,50.97,59.47,1.07
94196.81884,893890.0521,50.97,57.43,1.07
269196.8188,891890.0521,47.25,62.67,0.83
270196.8188,891890.0521,47.25,-9999.00,0.83
271196.8188,891890.0521,48.15,-9999.00,0.76
268196.8188,890890.0521,48.15,62.67,0.76
247196.8188,885890.0521,46.62,62.67,1.26
244196.8188,884890.0521,46.62,59.14,1.26
246196.8188,884890.0521,46.08,59.14,0.91
247196.8188,884890.0521,46.08,62.67,0.91
324196.8188,880890.0521,49.91,-9999.00,0.81
224196.8188,879890.0521,48.27,59.14,1.26
320196.8188,879890.0521,49.91,64.47,0.81
221196.8188,878890.0521,48.27,58.73,1.26
224196.8188,878890.0521,46.71,59.14,1.37
220196.8188,877890.0521,46.71,58.73,1.37
401196.8188,876890.0521,49.15,-9999.00,0.76
397196.8188,875890.0521,49.15,61.88,0.76
298196.8188,873890.0521,49.87,64.18,0.81
299196.8188,873890.0521,49.87,64.47,0.81
199196.8188,872890.0521,50.11,58.73,1.36
195196.8188,871890.0521,50.11,58.59,1.36
198196.8188,871890.0521,47.77,58.59,1.87
199196.8188,871890.0521,47.77,58.73,1.87
98196.81884,870890.0521,50.97,-9999.00,1.07
376196.8188,869890.0521,49.14,61.88,0.86
276196.8188,868890.0521,48.15,64.18,0.76
372196.8188,868890.0521,49.14,63.05,0.86
272196.8188,867890.0521,48.15,62.71,0.76
276196.8188,867890.0521,50.61,64.18,0.72
273196.8188,866890.0521,50.61,62.71,0.72
176196.8188,865890.0521,49.60,58.59,1.61
172196.8188,864890.0521,49.60,58.42,1.61
354196.8188,863890.0521,47.86,63.05,0.94
254196.8188,862890.0521,46.08,62.71,0.91
350196.8188,862890.0521,47.86,62.60,0.94
250196.8188,861890.0521,46.08,61.95,0.91
254196.8188,861890.0521,47.62,62.71,0.76
154196.8188,859890.0521,49.50,58.42,1.58
247196.8188,859890.0521,47.62,61.95,0.76
150196.8188,858890.0521,49.50,59.54,1.58
328196.8188,857890.0521,49.91,62.60,0.81
325196.8188,856890.0521,49.91,62.64,0.81
329196.8188,856890.0521,47.43,62.60,0.97
228196.8188,855890.0521,46.71,61.95,1.37
325196.8188,855890.0521,47.43,62.64,0.97
225196.8188,854890.0521,46.71,59.09,1.37
229196.8188,854890.0521,46.04,61.95,1.14
225196.8188,853890.0521,46.04,59.09,1.14
128196.8188,852890.0521,50.02,59.54,1.32
402196.8188,852890.0521,49.15,62.62,0.76
406196.8188,852890.0521,48.74,-9999.00,0.79
124196.8188,851890.0521,50.02,58.86,1.32
307196.8188,851890.0521,49.87,62.64,0.81
403196.8188,851890.0521,48.74,62.62,0.79
303196.8188,850890.0521,49.87,62.17,0.81
307196.8188,850890.0521,46.62,62.64,0.92
206196.8188,849890.0521,47.77,59.09,1.87
303196.8188,849890.0521,46.62,62.17,0.92
203196.8188,848890.0521,47.77,59.70,1.87
207196.8188,848890.0521,47.71,59.09,1.66
203196.8188,847890.0521,47.71,59.70,1.66
384196.8188,847890.0521,49.14,62.62,0.86
377196.8188,845890.0521,49.14,63.32,0.86
381196.8188,845890.0521,48.29,62.62,0.84
281196.8188,844890.0521,50.61,62.17,0.72
377196.8188,844890.0521,48.29,63.32,0.84
184196.8188,843890.0521,49.60,59.70,1.61
277196.8188,843890.0521,50.61,60.03,0.72
281196.8188,843890.0521,46.40,62.17,0.98
278196.8188,842890.0521,46.40,60.03,0.98
177196.8188,841890.0521,49.60,60.64,1.61
181196.8188,841890.0521,49.84,59.70,1.52
83196.81884,840890.0521,50.94,-9999.00,1.22
177196.8188,840890.0521,49.84,60.64,1.52
359196.8188,840890.0521,47.86,63.32,0.94
80196.81884,839890.0521,50.94,59.18,1.22
355196.8188,839890.0521,47.86,62.51,0.94
359196.8188,839890.0521,47.37,63.32,0.89
259196.8188,838890.0521,47.62,60.03,0.76
356196.8188,838890.0521,47.37,62.51,0.89
256196.8188,837890.0521,47.62,60.22,0.76
260196.8188,837890.0521,47.62,60.03,0.81
159196.8188,836890.0521,49.50,60.64,1.58
256196.8188,836890.0521,47.62,60.22,0.81
159196.8188,835890.0521,49.15,60.64,2.02
337196.8188,834890.0521,47.43,62.51,0.97
333196.8188,833890.0521,47.43,60.46,0.97
337196.8188,833890.0521,45.57,62.51,0.94
237196.8188,832890.0521,46.04,60.22,1.14
334196.8188,832890.0521,45.57,60.46,0.94
137196.8188,830890.0521,50.02,60.64,1.32
230196.8188,830890.0521,46.04,59.58,1.14
234196.8188,830890.0521,46.99,60.22,0.99
132196.8188,829890.0521,50.02,-9999.00,1.32
230196.8188,829890.0521,46.99,59.58,0.99
314196.8188,828890.0521,46.62,60.46,0.92
307196.8188,826890.0521,46.62,59.72,0.92
312196.8188,826890.0521,44.91,60.46,1.12
211196.8188,825890.0521,47.71,59.58,1.66
308196.8188,825890.0521,44.91,59.72,1.12
207196.8188,824890.0521,47.71,58.05,1.66
212196.8188,824890.0521,46.00,59.58,1.80
208196.8188,823890.0521,46.00,58.05,1.80
388196.8188,823890.0521,48.29,-9999.00,0.84
385196.8188,822890.0521,48.29,63.37,0.84
390196.8188,822890.0521,49.03,-9999.00,0.84
289196.8188,821890.0521,46.40,59.72,0.98
386196.8188,821890.0521,49.03,63.37,0.84
285196.8188,820890.0521,46.40,60.06,0.98
290196.8188,820890.0521,45.21,59.72,0.92
189196.8188,819890.0521,49.84,58.05,1.52
184196.8188,818890.0521,49.84,58.93,1.52
190196.8188,818890.0521,47.89,58.05,2.04
283196.8188,818890.0521,45.21,60.06,0.92
366196.8188,817890.0521,47.37,63.37,0.89
183196.8188,816890.0521,47.89,58.93,2.04
266196.8188,815890.0521,47.62,60.06,0.81
358196.8188,815890.0521,47.37,63.09,0.89
364196.8188,815890.0521,47.70,63.37,0.84
361196.8188,814890.0521,47.70,63.09,0.84
165196.8188,813890.0521,49.15,58.93,2.02
259196.8188,813890.0521,47.62,57.04,0.81
265196.8188,813890.0521,44.67,60.06,0.97
261196.8188,812890.0521,44.67,57.04,0.97
158196.8188,811890.0521,49.15,-9999.00,2.02
340196.8188,810890.0521,45.57,63.09,0.94
337196.8188,809890.0521,45.57,60.66,0.94
343196.8188,809890.0521,45.46,63.09,0.85
240196.8188,808890.0521,46.99,57.04,0.99
237196.8188,807890.0521,46.99,57.47,0.99
243196.8188,807890.0521,46.40,57.04,1.15
335196.8188,807890.0521,45.46,60.66,0.85
235196.8188,805890.0521,46.40,57.47,1.15
318196.8188,804890.0521,44.91,60.66,1.12
218196.8188,802890.0521,46.00,57.47,1.80
311196.8188,802890.0521,44.91,57.85,1.12
317196.8188,802890.0521,43.88,60.66,0.93
313196.8188,801890.0521,43.88,57.85,0.93
211196.8188,800890.0521,46.00,61.12,1.80
217196.8188,800890.0521,48.11,57.47,1.58
213196.8188,799890.0521,48.11,61.12,1.58
297196.8188,798890.0521,45.21,57.85,0.92
389196.8188,798890.0521,49.03,62.02,0.84
395196.8188,798890.0521,48.81,-9999.00,0.85
391196.8188,797890.0521,48.81,62.02,0.85
196196.8188,796890.0521,47.89,61.12,2.04
289196.8188,796890.0521,45.21,57.22,0.92
295196.8188,796890.0521,43.95,57.85,1.01
189196.8188,794890.0521,47.89,60.30,2.04
195196.8188,794890.0521,47.50,61.12,2.26
288196.8188,794890.0521,43.95,57.22,1.01
191196.8188,793890.0521,47.50,60.30,2.26
371196.8188,793890.0521,47.70,62.02,0.84
367196.8188,792890.0521,47.70,62.55,0.84
373196.8188,792890.0521,47.84,62.02,0.92
271196.8188,791890.0521,44.67,57.22,0.97
267196.8188,790890.0521,44.67,58.60,0.97
273196.8188,790890.0521,44.85,57.22,0.99
366196.8188,790890.0521,47.84,62.55,0.92
173196.8188,788890.0521,49.55,60.30,1.70
266196.8188,788890.0521,44.85,58.60,0.99
349196.8188,787890.0521,45.46,62.55,0.85
166196.8188,786890.0521,49.55,61.29,1.70
249196.8188,785890.0521,46.40,58.60,1.15
342196.8188,785890.0521,45.46,61.02,0.85
348196.8188,785890.0521,45.99,62.55,0.93
344196.8188,784890.0521,45.99,61.02,0.93
242196.8188,783890.0521,46.40,58.55,1.15
248196.8188,783890.0521,45.39,58.60,1.22
244196.8188,782890.0521,45.39,58.55,1.22
327196.8188,781890.0521,43.88,61.02,0.93
320196.8188,779890.0521,43.88,60.22,0.93
326196.8188,779890.0521,45.32,61.02,0.91
224196.8188,778890.0521,48.11,58.55,1.58
220196.8188,777890.0521,48.11,58.01,1.58
226196.8188,777890.0521,46.20,58.55,1.86
319196.8188,777890.0521,45.32,60.22,0.91
219196.8188,775890.0521,46.20,58.01,1.86
302196.8188,774890.0521,43.95,60.22,1.01
201196.8188,772890.0521,47.50,58.01,2.26
294196.8188,772890.0521,43.95,61.79,1.01
300196.8188,772890.0521,47.12,60.22,0.86
297196.8188,771890.0521,47.12,61.79,0.86
194196.8188,770890.0521,47.50,60.53,2.26
200196.8188,770890.0521,48.40,58.01,1.94
379196.8188,770890.0521,47.84,-9999.00,0.92
196196.8188,769890.0521,48.40,60.53,1.94
279196.8188,768890.0521,44.85,61.79,0.99
371196.8188,768890.0521,47.84,63.61,0.92
378196.8188,768890.0521,50.11,-9999.00,0.74
178196.8188,766890.0521,49.55,60.53,1.70
272196.8188,766890.0521,44.85,61.30,0.99
279196.8188,766890.0521,46.53,61.79,0.96
371196.8188,766890.0521,50.11,63.61,0.74
171196.8188,764890.0521,49.55,60.75,1.70
178196.8188,764890.0521,48.43,60.53,1.79
271196.8188,764890.0521,46.53,61.30,0.96
353196.8188,763890.0521,45.99,63.61,0.93
171196.8188,762890.0521,48.43,60.75,1.79
349196.8188,762890.0521,45.99,64.54,0.93
356196.8188,762890.0521,48.92,63.61,0.81
253196.8188,761890.0521,45.39,61.30,1.22
250196.8188,760890.0521,45.39,60.12,1.22
257196.8188,760890.0521,46.04,61.30,1.30
349196.8188,760890.0521,48.92,64.54,0.81
156196.8188,758890.0521,49.46,60.75,1.52
249196.8188,758890.0521,46.04,60.12,1.30
330196.8188,757890.0521,45.32,64.54,0.91
149196.8188,756890.0521,49.46,61.11,1.52
230196.8188,755890.0521,46.20,60.12,1.86
323196.8188,755890.0521,45.32,64.40,0.91
331196.8188,755890.0521,48.94,64.54,0.78
223196.8188,753890.0521,46.20,59.50,1.86
231196.8188,753890.0521,46.58,60.12,1.96
324196.8188,753890.0521,48.94,64.40,0.78
224196.8188,751890.0521,46.58,59.50,1.96
308196.8188,751890.0521,47.12,64.40,0.86
208196.8188,749890.0521,48.40,59.50,1.94
301196.8188,749890.0521,47.12,64.26,0.86
309196.8188,749890.0521,48.25,64.40,0.87
201196.8188,747890.0521,48.40,60.67,1.94
209196.8188,747890.0521,48.31,59.50,2.00
302196.8188,747890.0521,48.25,64.26,0.87
202196.8188,745890.0521,48.31,60.67,2.00
283196.8188,744890.0521,46.53,64.26,0.96
186196.8188,743890.0521,48.43,60.67,1.79
279196.8188,743890.0521,46.53,60.96,0.96
287196.8188,743890.0521,47.01,64.26,1.07
175196.8188,740890.0521,48.43,61.86,1.79
183196.8188,740890.0521,50.16,60.67,1.70
276196.8188,740890.0521,47.01,60.96,1.07
361196.8188,740890.0521,48.92,-9999.00,0.81
176196.8188,738890.0521,50.16,61.86,1.70
261196.8188,738890.0521,46.04,60.96,1.30
160196.8188,736890.0521,49.46,61.86,1.52
254196.8188,736890.0521,46.04,60.30,1.30
262196.8188,736890.0521,46.78,60.96,1.37
153196.8188,734890.0521,49.46,58.98,1.52
161196.8188,734890.0521,48.25,61.86,1.61
254196.8188,734890.0521,46.78,60.30,1.37
339196.8188,734890.0521,48.94,-9999.00,0.78
154196.8188,732890.0521,48.25,58.98,1.61
239196.8188,732890.0521,46.58,60.30,1.96
332196.8188,732890.0521,48.94,65.21,0.78
340196.8188,732890.0521,49.80,-9999.00,0.75
232196.8188,730890.0521,46.58,60.06,1.96
240196.8188,730890.0521,47.66,60.30,2.05
332196.8188,730890.0521,49.80,65.21,0.75
232196.8188,728890.0521,47.66,60.06,2.05
314196.8188,727890.0521,48.25,65.21,0.87
213196.8188,725890.0521,48.31,60.06,2.00
306196.8188,725890.0521,48.25,64.71,0.87
314196.8188,725890.0521,48.87,65.21,0.87
206196.8188,723890.0521,48.31,61.02,2.00
214196.8188,723890.0521,48.43,60.06,1.84
307196.8188,723890.0521,48.87,64.71,0.87
207196.8188,721890.0521,48.43,61.02,1.84
292196.8188,721890.0521,47.01,64.71,1.07
191196.8188,719890.0521,50.16,61.02,1.70
284196.8188,719890.0521,47.01,63.93,1.07
292196.8188,719890.0521,48.70,64.71,1.01
184196.8188,717890.0521,50.16,61.90,1.70
192196.8188,717890.0521,49.50,61.02,1.64
285196.8188,717890.0521,48.70,63.93,1.01
185196.8188,715890.0521,49.50,61.90,1.64
266196.8188,714890.0521,46.78,63.93,1.37
169196.8188,713890.0521,48.25,61.90,1.61
262196.8188,713890.0521,46.78,64.44,1.37
270196.8188,713890.0521,49.10,63.93,1.07
158196.8188,710890.0521,48.25,-9999.00,1.61
259196.8188,710890.0521,49.10,64.44,1.07
244196.8188,708890.0521,47.66,64.44,2.05
236196.8188,706890.0521,47.66,62.11,2.05
245196.8188,706890.0521,49.15,64.44,1.37
238196.8188,704890.0521,49.15,62.11,1.37
321196.8188,704890.0521,48.87,-9999.00,0.87
221196.8188,702890.0521,48.43,62.11,1.84
314196.8188,702890.0521,48.87,64.53,0.87
323196.8188,702890.0521,49.96,-9999.00,0.78
214196.8188,700890.0521,48.43,61.29,1.84
223196.8188,700890.0521,49.17,62.11,1.60
312196.8188,699890.0521,49.96,64.53,0.78
299196.8188,698890.0521,48.70,64.53,1.01
212196.8188,697890.0521,49.17,61.29,1.60
189196.8188,696890.0521,49.50,61.29,1.64
278196.8188,695890.0521,48.70,65.57,1.01
297196.8188,695890.0521,50.61,64.53,0.81
275196.8188,694890.0521,49.10,65.57,1.07
178196.8188,693890.0521,49.50,61.99,1.64
197196.8188,693890.0521,49.50,61.29,1.50
375196.8188,691890.0521,50.14,-9999.00,0.75
279196.8188,690890.0521,50.61,65.57,0.81
257196.8188,689890.0521,49.10,64.08,1.07
276196.8188,689890.0521,49.48,65.57,0.99
179196.8188,688890.0521,49.50,61.99,1.50
249196.8188,687890.0521,49.15,64.08,1.37
357196.8188,686890.0521,50.14,63.09,0.75
257196.8188,684890.0521,49.48,64.08,0.99
350196.8188,684890.0521,49.82,63.09,0.74
327196.8188,683890.0521,49.96,63.72,0.78
231196.8188,682890.0521,49.15,64.53,1.37
250196.8188,682890.0521,50.52,64.08,1.06
227196.8188,681890.0521,49.17,64.53,1.60
149196.8188,680890.0521,50.02,-9999.00,1.29
335196.8188,680890.0521,49.82,63.72,0.74
235196.8188,678890.0521,50.52,64.53,1.06
309196.8188,678890.0521,49.96,64.00,0.78
328196.8188,678890.0521,49.24,63.72,0.84
305196.8188,677890.0521,50.61,64.00,0.81
209196.8188,676890.0521,49.17,62.42,1.60
228196.8188,676890.0521,50.54,64.53,1.34
131196.8188,675890.0521,50.02,61.61,1.29
202196.8188,674890.0521,49.50,62.42,1.50
310196.8188,673890.0521,49.24,64.00,0.84
287196.8188,672890.0521,50.61,63.27,0.81
306196.8188,672890.0521,47.89,64.00,0.87
210196.8188,671890.0521,50.54,62.42,1.34
187196.8188,670890.0521,49.50,62.19,1.50
206196.8188,670890.0521,50.54,62.42,1.33
280196.8188,670890.0521,49.48,63.27,0.99
288196.8188,667890.0521,47.89,63.27,0.87
361196.8188,667890.0521,50.14,63.81,0.75
380196.8188,667890.0521,49.01,-9999.00,0.76
358196.8188,666890.0521,49.82,63.81,0.74
188196.8188,665890.0521,50.54,62.19,1.33
262196.8188,665890.0521,49.48,64.33,0.99
281196.8188,665890.0521,49.44,63.27,0.86
258196.8188,664890.0521,50.52,64.33,1.06
180196.8188,663890.0521,50.25,62.19,1.25
362196.8188,662890.0521,49.01,63.81,0.76
154196.8188,661890.0521,50.02,61.84,1.29
340196.8188,661890.0521,49.82,63.10,0.74
359196.8188,661890.0521,48.09,63.81,0.81
262196.8188,660890.0521,49.44,64.33,0.86
240196.8188,659890.0521,50.52,63.52,1.06
259196.8188,659890.0521,49.39,64.33,1.13
332196.8188,659890.0521,49.24,63.10,0.84
162196.8188,658890.0521,50.25,61.84,1.25
232196.8188,657890.0521,50.54,63.52,1.34
340196.8188,656890.0521,48.09,63.10,0.81
240196.8188,654890.0521,49.39,63.52,1.13
314196.8188,654890.0521,49.24,61.81,0.84
333196.8188,654890.0521,47.34,63.10,0.93
311196.8188,653890.0521,47.89,61.81,0.87
214196.8188,652890.0521,50.54,64.24,1.34
233196.8188,652890.0521,51.37,63.52,1.03
210196.8188,651890.0521,50.54,64.24,1.33
411196.8188,650890.0521,49.68,-9999.00,0.70
315196.8188,649890.0521,47.34,61.81,0.93
388196.8188,649890.0521,49.01,64.44,0.76
218196.8188,648890.0521,51.37,64.24,1.03
292196.8188,648890.0521,47.89,61.90,0.87
311196.8188,648890.0521,47.08,61.81,0.95
192196.8188,646890.0521,50.54,61.21,1.33
211196.8188,646890.0521,49.71,64.24,1.41
285196.8188,646890.0521,49.44,61.90,0.86
393196.8188,645890.0521,49.68,64.44,0.70
185196.8188,644890.0521,50.25,61.21,1.25
370196.8188,644890.0521,49.01,64.76,0.76
389196.8188,644890.0521,49.32,64.44,0.81
293196.8188,643890.0521,47.08,61.90,0.95
270196.8188,642890.0521,49.44,62.13,0.86
289196.8188,642890.0521,47.25,61.90,1.03
363196.8188,642890.0521,48.09,64.76,0.81
193196.8188,641890.0521,49.71,61.21,1.41
170196.8188,640890.0521,50.25,61.07,1.25
189196.8188,640890.0521,50.67,61.21,1.22
263196.8188,640890.0521,49.39,62.13,1.13
371196.8188,639890.0521,49.32,64.76,0.81
271196.8188,637890.0521,47.25,62.13,1.03
345196.8188,637890.0521,48.09,65.01,0.81
364196.8188,637890.0521,48.70,64.76,0.81
340196.8188,636890.0521,47.34,65.01,0.93
244196.8188,635890.0521,49.39,62.87,1.13
264196.8188,635890.0521,48.54,62.13,1.06
167196.8188,634890.0521,50.67,61.07,1.22
240196.8188,634890.0521,51.37,62.87,1.03
346196.8188,632890.0521,48.70,65.01,0.81
322196.8188,631890.0521,47.34,63.01,0.93
342196.8188,631890.0521,47.43,65.01,1.04
246196.8188,630890.0521,48.54,62.87,1.06
318196.8188,630890.0521,47.08,63.01,0.95
222196.8188,629890.0521,51.37,63.48,1.03
242196.8188,629890.0521,50.16,62.87,1.02
215196.8188,627890.0521,49.71,63.48,1.41
400196.8188,627890.0521,49.68,64.58,0.70
420196.8188,627890.0521,49.17,-9999.00,0.74
324196.8188,626890.0521,47.43,63.01,1.04
395196.8188,626890.0521,49.32,64.58,0.81
295196.8188,624890.0521,47.08,61.43,0.95
316196.8188,624890.0521,46.80,63.01,1.24
220196.8188,623890.0521,50.16,63.48,1.02
292196.8188,623890.0521,47.25,61.43,1.03
195196.8188,622890.0521,49.71,-9999.00,1.41
192196.8188,621890.0521,50.67,-9999.00,1.22
398196.8188,621890.0521,49.17,64.58,0.74
373196.8188,620890.0521,49.32,62.37,0.81
394196.8188,620890.0521,47.19,64.58,0.88
298196.8188,619890.0521,46.80,61.43,1.24
370196.8188,619890.0521,48.70,62.37,0.81
274196.8188,618890.0521,47.25,62.44,1.03
295196.8188,618890.0521,47.44,61.43,1.10
270196.8188,617890.0521,48.54,62.44,1.06
376196.8188,615890.0521,47.19,62.37,0.88
93196.81884,614890.0521,51.39,-9999.00,0.86
351196.8188,614890.0521,48.70,62.31,0.81
372196.8188,614890.0521,46.63,62.37,1.09
276196.8188,613890.0521,47.44,62.44,1.10
348196.8188,613890.0521,47.43,62.31,1.04
248196.8188,611890.0521,48.54,61.30,1.06
269196.8188,611890.0521,46.83,62.44,1.17
244196.8188,610890.0521,50.16,61.30,1.02
75196.81884,609890.0521,51.39,63.09,0.86
71196.81884,608890.0521,51.53,63.09,0.86
351196.8188,608890.0521,46.63,62.31,1.09
326196.8188,607890.0521,47.43,63.19,1.04
347196.8188,607890.0521,47.71,62.31,1.27
251196.8188,606890.0521,46.83,61.30,1.17
322196.8188,606890.0521,46.80,63.19,1.24
226196.8188,605890.0521,50.16,61.74,1.02
247196.8188,605890.0521,47.53,61.30,1.41
146196.8188,603890.0521,48.81,-9999.00,1.12
404196.8188,603890.0521,49.17,64.62,0.74
425196.8188,603890.0521,50.22,-9999.00,0.75
49196.81884,602890.0521,51.53,64.65,0.86
329196.8188,602890.0521,47.71,63.19,1.27
400196.8188,602890.0521,47.19,64.62,0.88
304196.8188,601890.0521,46.80,63.99,1.24
325196.8188,601890.0521,48.94,63.19,1.15
229196.8188,600890.0521,47.53,61.74,1.41
300196.8188,600890.0521,47.44,63.99,1.10
225196.8188,599890.0521,49.89,61.74,1.19
128196.8188,598890.0521,48.81,61.25,1.12
407196.8188,598890.0521,50.22,64.62,0.75
124196.8188,597890.0521,49.93,61.25,1.00
382196.8188,597890.0521,47.19,63.72,0.88
403196.8188,597890.0521,48.43,64.62,0.80
99196.81884,596890.0521,51.39,63.45,0.86
378196.8188,596890.0521,46.63,63.72,1.09
303196.8188,595890.0521,48.94,63.99,1.15
279196.8188,594890.0521,47.44,64.31,1.10
300196.8188,594890.0521,49.60,63.99,0.96
203196.8188,593890.0521,49.89,62.47,1.19
275196.8188,593890.0521,46.83,64.31,1.17
102196.8188,591890.0521,49.93,63.45,1.00
381196.8188,591890.0521,48.43,63.72,0.80
77196.81884,590890.0521,51.39,63.57,0.86
98196.81884,590890.0521,49.55,63.45,0.98
356196.8188,590890.0521,46.63,63.48,1.09
377196.8188,590890.0521,48.06,63.72,1.07
73196.81884,589890.0521,51.53,63.57,0.86
281196.8188,589890.0521,49.60,64.31,0.96
353196.8188,589890.0521,47.71,63.48,1.27
257196.8188,588890.0521,46.83,64.45,1.17
278196.8188,588890.0521,49.12,64.31,1.07
253196.8188,587890.0521,47.53,64.45,1.41
80196.81884,585890.0521,49.55,63.57,0.98
359196.8188,585890.0521,48.06,63.48,1.07
55196.81884,584890.0521,51.53,63.05,0.86
76196.81884,584890.0521,49.64,63.57,1.07
335196.8188,584890.0521,47.71,65.08,1.27
356196.8188,584890.0521,50.22,63.48,1.07
259196.8188,583890.0521,49.12,64.45,1.07
331196.8188,583890.0521,48.94,65.08,1.15
231196.8188,581890.0521,47.53,63.18,1.41
252196.8188,581890.0521,48.85,64.45,1.22
227196.8188,580890.0521,49.89,63.18,1.19
412196.8188,580890.0521,50.22,64.98,0.75
433196.8188,580890.0521,51.46,-9999.00,0.70
57196.81884,579890.0521,49.64,63.05,1.07
130196.8188,579890.0521,48.81,62.08,1.12
151196.8188,579890.0521,48.96,-9999.00,0.99
54196.81884,578890.0521,50.45,63.05,1.04
127196.8188,578890.0521,49.93,62.08,1.00
334196.8188,578890.0521,50.22,65.08,1.07
405196.8188,578890.0521,48.43,64.98,0.80
309196.8188,577890.0521,48.94,65.91,1.15
330196.8188,577890.0521,51.12,65.08,0.96
234196.8188,576890.0521,48.85,63.18,1.22
306196.8188,576890.0521,49.60,65.91,0.96
208196.8188,575890.0521,49.89,63.64,1.19
230196.8188,575890.0521,49.64,63.18,1.06
133196.8188,574890.0521,48.96,62.08,0.99
412196.8188,574890.0521,51.46,64.98,0.70
107196.8188,573890.0521,49.93,64.20,1.00
129196.8188,573890.0521,49.96,62.08,0.87
386196.8188,573890.0521,48.43,64.69,0.80
408196.8188,573890.0521,49.17,64.98,0.74
31196.81884,572890.0521,50.45,64.31,1.04
104196.8188,572890.0521,49.55,64.20,0.98
312196.8188,572890.0521,51.12,65.91,0.96
382196.8188,572890.0521,48.06,64.69,1.07
28196.81884,571890.0521,49.15,64.31,1.38
286196.8188,571890.0521,49.60,64.36,0.96
308196.8188,571890.0521,50.86,65.91,0.97
283196.8188,570890.0521,49.12,64.36,1.07
209196.8188,569890.0521,49.64,63.64,1.06
85196.81884,567890.0521,49.55,64.36,0.98
107196.8188,567890.0521,49.80,64.20,0.94
108196.8188,567890.0521,49.96,64.20,0.87
364196.8188,567890.0521,48.06,62.53,1.07
386196.8188,567890.0521,47.89,64.69,1.00
387196.8188,567890.0521,49.17,64.69,0.74
9196.818844,566890.0521,49.15,63.39,1.38
81196.81884,566890.0521,49.64,64.36,1.07
361196.8188,566890.0521,50.22,62.53,1.07
286196.8188,565890.0521,50.86,64.36,0.97
260196.8188,564890.0521,48.85,64.67,1.22
261196.8188,564890.0521,49.12,64.67,1.07
283196.8188,564890.0521,50.79,64.36,0.97
85196.81884,561890.0521,49.80,64.36,0.94
364196.8188,561890.0521,47.89,62.53,1.00
58196.81884,560890.0521,50.45,62.82,1.04
60196.81884,560890.0521,49.64,62.82,1.07
81196.81884,560890.0521,49.03,64.36,1.06
338196.8188,560890.0521,50.22,63.39,1.07
361196.8188,560890.0521,49.39,62.53,0.98
264196.8188,559890.0521,50.79,64.67,0.97
334196.8188,559890.0521,51.12,63.39,0.96
238196.8188,558890.0521,48.85,-9999.00,1.22
234196.8188,557890.0521,49.64,-9999.00,1.06
137196.8188,556890.0521,48.96,64.29,0.99
160196.8188,556890.0521,50.97,-9999.00,0.82
415196.8188,556890.0521,51.46,65.71,0.70
438196.8188,556890.0521,50.61,-9999.00,0.68
134196.8188,555890.0521,49.96,64.29,0.87
411196.8188,555890.0521,49.17,65.71,0.74
35196.81884,554890.0521,49.15,64.17,1.38
36196.81884,554890.0521,50.45,64.17,1.04
59196.81884,554890.0521,49.73,62.82,1.08
61196.81884,554890.0521,49.03,62.82,1.06
315196.8188,554890.0521,51.12,64.49,0.96
339196.8188,554890.0521,49.93,63.39,1.04
340196.8188,554890.0521,49.39,63.39,0.98
311196.8188,553890.0521,50.86,64.49,0.97
138196.8188,550890.0521,50.97,64.29,0.82
417196.8188,550890.0521,50.61,65.71,0.68
110196.8188,549890.0521,49.80,65.21,0.94
113196.8188,549890.0521,49.96,65.21,0.87
134196.8188,549890.0521,50.97,64.29,0.80
389196.8188,549890.0521,47.89,63.93,1.00
392196.8188,549890.0521,49.17,63.93,0.74
413196.8188,549890.0521,48.45,65.71,0.78
13196.81884,548890.0521,49.15,64.08,1.38
37196.81884,548890.0521,49.86,64.17,0.97
38196.81884,548890.0521,49.73,64.17,1.08
289196.8188,547890.0521,50.79,64.49,0.97
313196.8188,547890.0521,51.28,64.49,1.00
316196.8188,547890.0521,49.93,64.49,1.04
87196.81884,543890.0521,49.03,66.00,1.06
112196.8188,543890.0521,50.97,65.21,0.69
366196.8188,543890.0521,49.39,60.13,0.98
391196.8188,543890.0521,46.40,63.93,1.06
393196.8188,543890.0521,48.45,63.93,0.78
368196.8188,542890.0521,47.89,60.13,1.00
11196.81884,541890.0521,49.80,64.08,1.04
14196.81884,541890.0521,49.86,64.08,0.97
115196.8188,541890.0521,50.97,65.21,0.80
267196.8188,541890.0521,50.79,-9999.00,0.97
90196.81884,540890.0521,49.80,66.00,0.94
444196.8188,539890.0521,50.61,65.64,0.68
469196.8188,539890.0521,51.93,-9999.00,0.70
65196.81884,537890.0521,49.73,64.74,1.08
90196.81884,537890.0521,50.04,66.00,0.78
91196.81884,537890.0521,50.97,66.00,0.69
344196.8188,537890.0521,49.39,64.51,0.98
369196.8188,537890.0521,49.39,60.13,0.88
66196.81884,536890.0521,49.03,64.74,1.06
341196.8188,536890.0521,49.93,64.51,1.04
370196.8188,535890.0521,46.40,60.13,1.06
-8803.181156,532890.0521,49.80,63.61,1.04
140196.8188,532890.0521,50.97,65.26,0.80
165196.8188,532890.0521,51.55,-9999.00,0.67
418196.8188,532890.0521,48.45,66.79,0.78
443196.8188,532890.0521,50.54,65.64,0.67
143196.8188,531890.0521,50.97,65.26,0.82
447196.8188,531890.0521,51.93,65.64,0.70
39196.81884,530890.0521,49.86,63.95,0.97
64196.81884,530890.0521,49.50,64.74,0.91
319196.8188,530890.0521,51.28,62.55,1.00
344196.8188,530890.0521,48.22,64.51,1.58
346196.8188,530890.0521,49.39,64.51,0.88
422196.8188,530890.0521,50.61,66.79,0.68
321196.8188,529890.0521,49.93,62.55,1.04
68196.81884,528890.0521,50.04,64.74,0.78
43196.81884,527890.0521,49.73,63.95,1.08
118196.8188,526890.0521,50.97,64.99,0.69
143196.8188,526890.0521,50.63,65.26,0.74
397196.8188,526890.0521,46.40,65.70,1.06
422196.8188,526890.0521,49.57,66.79,0.70
423196.8188,526890.0521,50.54,66.79,0.67
398196.8188,525890.0521,48.45,65.70,0.78
17196.81884,524890.0521,49.80,65.10,1.04
42196.81884,524890.0521,50.38,63.95,0.79
145196.8188,524890.0521,51.55,65.26,0.67
297196.8188,524890.0521,51.28,62.19,1.00
322196.8188,524890.0521,49.28,62.55,1.67
44196.81884,523890.0521,49.50,63.95,0.91
120196.8188,523890.0521,50.97,64.99,0.80
19196.81884,522890.0521,49.86,65.10,0.97
474196.8188,522890.0521,51.93,64.38,0.70
499196.8188,522890.0521,50.40,-9999.00,0.76
323196.8188,521890.0521,48.22,62.55,1.58
92196.81884,519890.0521,50.04,66.13,0.78
117196.8188,519890.0521,50.99,64.99,0.69
121196.8188,519890.0521,50.63,64.99,0.74
371196.8188,519890.0521,49.39,61.66,0.88
396196.8188,519890.0521,47.53,65.70,0.97
20196.81884,518890.0521,50.38,65.10,0.79
96196.81884,518890.0521,50.97,66.13,0.69
400196.8188,518890.0521,49.57,65.70,0.70
-4803.181156,517890.0521,49.80,63.09,1.04
16196.81884,517890.0521,49.03,65.10,0.88
299196.8188,516890.0521,49.28,62.19,1.67
375196.8188,516890.0521,46.40,61.66,1.06
449196.8188,515890.0521,50.54,64.31,0.67
474196.8188,515890.0521,49.12,64.38,0.83
477196.8188,514890.0521,50.40,64.38,0.76
70196.81884,513890.0521,49.50,65.75,0.91
72196.81884,513890.0521,50.04,65.75,0.78
95196.81884,513890.0521,50.83,66.13,0.70
350196.8188,513890.0521,48.22,63.05,1.58
375196.8188,513890.0521,48.94,61.66,1.31
376196.8188,513890.0521,47.53,61.66,0.97
452196.8188,513890.0521,51.93,64.31,0.70
351196.8188,512890.0521,49.39,63.05,0.88
98196.81884,511890.0521,50.99,66.13,0.69
-2803.181156,510890.0521,49.03,63.09,0.88
149196.8188,509890.0521,51.55,64.99,0.67
174196.8188,509890.0521,51.89,-9999.00,0.64
427196.8188,509890.0521,49.57,65.95,0.70
452196.8188,509890.0521,50.63,64.31,0.74
453196.8188,509890.0521,49.12,64.31,0.83
428196.8188,508890.0521,50.54,65.95,0.67
48196.81884,507890.0521,50.38,64.54,0.79
73196.81884,507890.0521,49.69,65.75,0.84
74196.81884,506890.0521,50.83,65.75,0.70
324196.8188,506890.0521,49.28,65.46,1.67
349196.8188,506890.0521,49.86,63.05,1.30
49196.81884,505890.0521,49.50,64.54,0.91
49196.81884,504890.0521,50.38,65.75,0.79
74196.81884,504890.0521,49.69,66.13,0.84
125196.8188,504890.0521,50.99,65.26,0.69
150196.8188,504890.0521,50.63,-9999.00,0.74
249196.8188,504890.0521,51.60,-9999.00,0.90
327196.8188,504890.0521,49.28,63.05,1.67
378196.8188,504890.0521,48.94,65.70,1.31
403196.8188,504890.0521,47.53,66.79,0.97
454196.8188,504890.0521,50.63,64.38,0.74
24196.81884,503890.0521,49.03,63.95,0.88
353196.8188,503890.0521,49.86,61.66,1.30
429196.8188,503890.0521,49.57,64.31,0.70
100196.8188,502890.0521,50.83,64.99,0.70
122196.8188,502890.0521,50.99,64.27,0.69
148196.8188,502890.0521,50.31,64.99,0.94
401196.8188,502890.0521,47.53,66.42,0.97
404196.8188,502890.0521,47.53,65.95,0.97
427196.8188,502890.0521,50.59,65.95,0.68
429196.8188,502890.0521,50.59,64.31,0.68
480196.8188,502890.0521,49.12,-9999.00,0.83
151196.8188,501890.0521,50.31,-9999.00,0.94
21196.81884,500890.0521,49.03,65.66,0.88
47196.81884,500890.0521,50.54,64.54,0.80
50196.81884,500890.0521,50.54,65.75,0.80
327196.8188,500890.0521,50.34,65.46,1.31
25196.81884,499890.0521,49.03,64.54,0.88
329196.8188,498890.0521,50.34,63.05,1.31
478196.8188,498890.0521,49.12,65.88,0.83
504196.8188,498890.0521,51.03,-9999.00,0.70
100196.8188,496890.0521,50.83,64.71,0.70
126196.8188,496890.0521,50.72,64.27,0.81
127196.8188,496890.0521,50.72,64.99,0.81
379196.8188,496890.0521,48.94,61.93,1.31
380196.8188,496890.0521,48.94,66.42,1.31
405196.8188,496890.0521,48.06,66.42,1.04
102196.8188,495890.0521,50.83,64.27,0.70
406196.8188,495890.0521,48.06,65.95,1.04
454196.8188,494890.0521,50.63,65.88,0.74
75196.81884,492890.0521,49.69,64.71,0.84
355196.8188,492890.0521,49.86,61.93,1.30
443196.8188,491890.0521,50.63,67.26,0.74
479196.8188,491890.0521,50.54,-9999.00,0.70
64196.81884,489890.0521,49.69,64.87,0.84
100196.8188,489890.0521,50.40,64.27,0.72
344196.8188,489890.0521,49.86,62.56,1.30
380196.8188,489890.0521,49.37,66.42,1.29
472196.8188,489890.0521,50.54,65.88,0.70
432196.8188,488890.0521,50.59,67.26,0.68
93196.81884,487890.0521,50.40,64.71,0.72
372196.8188,487890.0521,49.37,61.93,1.29
53196.81884,486890.0521,50.54,64.87,0.80
329196.8188,485890.0521,50.34,62.56,1.31
421196.8188,485890.0521,50.59,67.30,0.68
457196.8188,485890.0521,51.19,65.88,0.69
41196.81884,483890.0521,50.54,-9999.00,0.80
321196.8188,483890.0521,50.34,65.62,1.31
358196.8188,483890.0521,52.57,61.93,1.09
131196.8188,482890.0521,50.72,-9999.00,0.81
409196.8188,482890.0521,48.06,67.30,1.04
446196.8188,482890.0521,51.19,67.26,0.69
347196.8188,480890.0521,52.57,62.56,1.09
395196.8188,478890.0521,48.06,66.36,1.04
432196.8188,478890.0521,50.47,67.26,0.75
425196.8188,476890.0521,50.47,67.30,0.75
105196.8188,475890.0521,50.40,-9999.00,0.72
384196.8188,475890.0521,49.37,66.36,1.29
476196.8188,475890.0521,50.54,66.90,0.70
513196.8188,475890.0521,50.88,-9999.00,0.65
372196.8188,472890.0521,49.37,63.93,1.29
410196.8188,472890.0521,49.66,67.30,0.96
461196.8188,471890.0521,51.19,66.90,0.69
361196.8188,469890.0521,52.57,63.93,1.09
399196.8188,469890.0521,49.66,66.36,0.96
450196.8188,468890.0521,51.19,67.14,0.69
488196.8188,468890.0521,50.99,-9999.00,0.71
350196.8188,466890.0521,52.57,64.49,1.09
388196.8188,466890.0521,50.63,66.36,1.11
439196.8188,465890.0521,50.47,67.14,0.75
477196.8188,465890.0521,50.99,66.90,0.71
374196.8188,462890.0521,50.63,63.93,1.11
423196.8188,461890.0521,50.47,68.36,0.75
462196.8188,461890.0521,51.58,66.90,0.65
363196.8188,459890.0521,51.35,63.93,1.17
416196.8188,459890.0521,49.66,68.36,0.96
451196.8188,458890.0521,51.58,67.14,0.65
352196.8188,456890.0521,51.35,64.49,1.17
402196.8188,455890.0521,49.66,67.39,0.96
441196.8188,455890.0521,51.82,67.14,0.67
341196.8188,453890.0521,53.46,64.49,0.81
391196.8188,452890.0521,50.63,67.39,1.11
426196.8188,451890.0521,51.82,68.36,0.67
479196.8188,451890.0521,50.99,68.16,0.71
518196.8188,451890.0521,52.72,-9999.00,0.62
326196.8188,449890.0521,53.46,64.47,0.81
376196.8188,448890.0521,50.63,65.43,1.11
415196.8188,448890.0521,51.21,68.36,0.82
468196.8188,448890.0521,51.58,68.16,0.65
365196.8188,445890.0521,51.35,65.43,1.17
404196.8188,445890.0521,51.21,67.39,0.82
457196.8188,445890.0521,51.58,68.05,0.65
496196.8188,445890.0521,51.89,-9999.00,0.66
354196.8188,442890.0521,51.35,63.77,1.17
393196.8188,442890.0521,50.47,67.39,1.09
443196.8188,441890.0521,51.82,68.05,0.67
482196.8188,441890.0521,51.89,68.16,0.66
343196.8188,439890.0521,53.46,63.77,0.81
382196.8188,439890.0521,50.47,65.43,1.09
432196.8188,438890.0521,51.82,68.50,0.67
471196.8188,438890.0521,51.73,68.16,0.66
329196.8188,435890.0521,53.46,65.28,0.81
368196.8188,435890.0521,52.20,65.43,1.05
421196.8188,435890.0521,51.21,68.50,0.82
457196.8188,434890.0521,51.73,68.05,0.66
357196.8188,432890.0521,52.20,63.77,1.05
407196.8188,431890.0521,51.21,68.14,0.82
446196.8188,431890.0521,52.54,68.05,0.62
346196.8188,429890.0521,53.37,63.77,0.81
396196.8188,428890.0521,50.47,68.14,1.09
435196.8188,428890.0521,52.54,68.50,0.62
484196.8188,427890.0521,51.89,67.86,0.66
523196.8188,427890.0521,52.25,-9999.00,0.63
335196.8188,426890.0521,53.37,65.28,0.81
385196.8188,425890.0521,50.47,65.79,1.09
424196.8188,425890.0521,51.06,68.50,0.86
473196.8188,424890.0521,51.73,67.86,0.66
374196.8188,422890.0521,52.20,65.79,1.05
409196.8188,421890.0521,51.06,68.14,0.86
462196.8188,421890.0521,51.73,68.61,0.66
501196.8188,421890.0521,51.48,-9999.00,0.67
359196.8188,418890.0521,52.20,65.25,1.05
398196.8188,418890.0521,52.05,68.14,1.02
452196.8188,418890.0521,52.54,68.61,0.62
487196.8188,417890.0521,51.48,67.86,0.67
348196.8188,415890.0521,53.37,65.25,0.81
387196.8188,415890.0521,52.05,65.79,1.02
437196.8188,414890.0521,52.54,69.17,0.62
476196.8188,414890.0521,51.60,67.86,0.64
338196.8188,412890.0521,53.37,67.60,0.81
377196.8188,412890.0521,53.53,65.79,0.88
426196.8188,411890.0521,51.06,69.17,0.86
465196.8188,411890.0521,51.60,68.61,0.64
362196.8188,408890.0521,53.53,65.25,0.88
415196.8188,408890.0521,51.06,68.54,0.86
454196.8188,408890.0521,52.45,68.61,0.65
351196.8188,405890.0521,54.12,65.25,0.80
404196.8188,405890.0521,52.05,68.54,1.02
440196.8188,404890.0521,52.45,69.17,0.65
493196.8188,404890.0521,51.48,67.57,0.67
532196.8188,404890.0521,51.44,-9999.00,0.63
251196.8188,403890.0521,53.08,-9999.00,0.81
340196.8188,402890.0521,54.12,67.60,0.80
390196.8188,401890.0521,52.05,64.92,1.02
429196.8188,401890.0521,50.41,69.17,0.84
482196.8188,401890.0521,51.60,67.57,0.64
329196.8188,399890.0521,53.89,67.60,0.72
379196.8188,398890.0521,53.53,64.92,0.88
418196.8188,398890.0521,50.41,68.54,0.84
467196.8188,397890.0521,51.60,68.76,0.64
506196.8188,397890.0521,51.31,-9999.00,0.65
318196.8188,396890.0521,53.89,67.48,0.72
368196.8188,395890.0521,53.53,64.62,0.88
407196.8188,395890.0521,51.35,68.54,1.00
457196.8188,394890.0521,52.45,68.76,0.65
496196.8188,394890.0521,51.31,67.57,0.65
307196.8188,393890.0521,52.39,67.48,0.67
351196.8188,393890.0521,54.12,64.62,0.80
255196.8188,392890.0521,53.08,65.80,0.81
436196.8188,391890.0521,52.45,69.15,0.65
485196.8188,391890.0521,51.06,67.57,0.62
432196.8188,390890.0521,50.41,69.15,0.84
385196.8188,389890.0521,51.35,64.92,1.00
333196.8188,388890.0521,53.89,68.04,0.72
335196.8188,388890.0521,54.12,68.04,0.80
382196.8188,388890.0521,52.86,64.92,0.78
285196.8188,387890.0521,52.39,66.76,0.67
513196.8188,387890.0521,51.44,67.64,0.63
562196.8188,387890.0521,52.65,-9999.00,0.61
234196.8188,386890.0521,53.08,63.28,0.81
282196.8188,386890.0521,51.08,66.76,1.01
510196.8188,386890.0521,51.31,67.64,0.65
463196.8188,385890.0521,51.06,68.76,0.62
459196.8188,384890.0521,50.95,68.76,0.64
310196.8188,382890.0521,52.39,68.00,0.67
311196.8188,382890.0521,53.89,68.00,0.72
360196.8188,382890.0521,52.95,64.62,0.72
362196.8188,381890.0521,52.86,64.62,0.78
260196.8188,380890.0521,52.57,65.80,1.16
261196.8188,380890.0521,51.08,65.80,1.01
487196.8188,380890.0521,51.06,68.47,0.62
489196.8188,380890.0521,51.31,68.47,0.65
537196.8188,380890.0521,51.58,-9999.00,0.63
388196.8188,378890.0521,51.35,66.96,1.00
438196.8188,378890.0521,50.72,69.15,0.72
439196.8188,378890.0521,50.95,69.15,0.64
384196.8188,377890.0521,52.86,66.96,0.78
338196.8188,376890.0521,52.95,68.04,0.72
284196.8188,375890.0521,51.08,66.97,1.01
334196.8188,375890.0521,51.93,68.04,0.70
288196.8188,374890.0521,52.39,66.97,0.67
465196.8188,374890.0521,51.06,69.19,0.62
515196.8188,374890.0521,52.11,67.64,0.61
516196.8188,374890.0521,51.58,67.64,0.63
237196.8188,373890.0521,52.57,63.28,1.16
461196.8188,373890.0521,50.95,69.19,0.64
516196.8188,373890.0521,52.11,-9999.00,0.61
313196.8188,372890.0521,52.39,68.04,0.67
440196.8188,372890.0521,50.72,68.76,0.72
288196.8188,371890.0521,51.08,68.00,1.01
361196.8188,371890.0521,52.95,64.67,0.72
364196.8188,371890.0521,52.95,66.96,0.72
412196.8188,371890.0521,50.09,68.54,0.93
491196.8188,371890.0521,51.06,67.64,0.62
263196.8188,370890.0521,52.57,66.76,1.16
339196.8188,370890.0521,51.93,64.62,0.70
466196.8188,370890.0521,50.95,68.47,0.64
261196.8188,369890.0521,52.57,64.29,1.16
312196.8188,369890.0521,49.19,68.00,0.80
314196.8188,369890.0521,49.19,68.04,0.80
390196.8188,369890.0521,52.86,68.54,0.78
416196.8188,367890.0521,50.09,69.15,0.93
439196.8188,367890.0521,50.72,69.39,0.72
490196.8188,367890.0521,51.91,68.47,0.60
264196.8188,366890.0521,52.57,66.97,1.16
339196.8188,365890.0521,51.93,66.78,0.70
390196.8188,365890.0521,51.96,66.96,0.77
442196.8188,365890.0521,50.72,69.19,0.72
493196.8188,364890.0521,51.91,67.64,0.60
290196.8188,363890.0521,48.85,66.97,1.43
341196.8188,363890.0521,51.93,64.67,0.70
290196.8188,362890.0521,48.85,68.00,1.43
391196.8188,362890.0521,51.96,68.54,0.77
416196.8188,361890.0521,50.09,69.01,0.93
417196.8188,361890.0521,50.09,69.39,0.93
468196.8188,361890.0521,52.27,68.47,0.64
464196.8188,360890.0521,52.27,69.19,0.64
316196.8188,359890.0521,49.19,66.78,0.80
313196.8188,358890.0521,49.19,67.75,0.80
365196.8188,358890.0521,51.75,64.67,0.69
367196.8188,358890.0521,51.75,66.96,0.69
494196.8188,357890.0521,51.91,-9999.00,0.60
265196.8188,356890.0521,51.64,64.29,1.66
266196.8188,356890.0521,51.64,66.97,1.66
490196.8188,356890.0521,51.91,68.61,0.60
542196.8188,356890.0521,52.34,-9999.00,0.58
394196.8188,355890.0521,51.96,69.01,0.77
391196.8188,354890.0521,51.96,68.86,0.77
443196.8188,354890.0521,51.73,69.39,0.67
444196.8188,354890.0521,51.73,69.19,0.67
623196.8188,353890.0521,52.92,-9999.00,0.72
290196.8188,352890.0521,48.85,67.80,1.43
292196.8188,352890.0521,48.85,67.75,1.43
343196.8188,352890.0521,52.00,64.67,0.67
339196.8188,351890.0521,52.00,66.78,0.67
471196.8188,351890.0521,52.27,68.61,0.64
243196.8188,350890.0521,52.72,64.29,0.87
467196.8188,350890.0521,52.27,69.64,0.64
520196.8188,350890.0521,51.85,-9999.00,0.58
239196.8188,349890.0521,52.72,62.92,0.87
368196.8188,348890.0521,51.75,67.98,0.69
369196.8188,348890.0521,51.75,68.86,0.69
421196.8188,348890.0521,50.94,69.39,0.69
417196.8188,347890.0521,50.94,69.01,0.69
548196.8188,347890.0521,52.34,67.84,0.58
268196.8188,346890.0521,51.64,67.80,1.66
545196.8188,346890.0521,52.34,68.61,0.58
598196.8188,346890.0521,52.18,-9999.00,0.73
264196.8188,345890.0521,51.64,63.88,1.66
317196.8188,345890.0521,49.05,67.75,0.84
319196.8188,345890.0521,49.05,66.78,0.84
445196.8188,344890.0521,51.73,68.97,0.67
446196.8188,344890.0521,51.73,69.64,0.67
498196.8188,344890.0521,51.31,-9999.00,0.62
495196.8188,343890.0521,51.31,68.61,0.62
346196.8188,342890.0521,52.00,67.98,0.67
342196.8188,341890.0521,52.00,67.57,0.67
395196.8188,341890.0521,50.95,68.86,0.70
396196.8188,341890.0521,50.95,69.01,0.70
523196.8188,340890.0521,51.85,68.61,0.58
242196.8188,339890.0521,52.72,62.55,0.87
244196.8188,339890.0521,52.72,63.88,0.87
295196.8188,339890.0521,48.72,67.75,1.30
519196.8188,339890.0521,51.85,68.83,0.58
572196.8188,339890.0521,52.30,67.84,0.69
575196.8188,339890.0521,52.30,-9999.00,0.69
292196.8188,338890.0521,48.72,67.80,1.30
424196.8188,338890.0521,50.94,68.97,0.69
420196.8188,337890.0521,50.94,69.13,0.69
473196.8188,337890.0521,51.21,68.61,0.61
469196.8188,336890.0521,51.21,69.64,0.61
600196.8188,336890.0521,52.18,67.69,0.73
653196.8188,336890.0521,53.46,64.35,0.66
